{"val_loss": [1.272858134841919, 0.966473005104065, 1.0350792173385621, 0.9777677331924438, 0.8238373846054077, 0.7070985890388489, 0.6953444871902466, 0.7621060394287109, 0.6519934083938599, 0.5971281321048737, 0.6037956050872803, 0.6157010248184204, 0.5750652004241943, 0.6834221411705017, 0.6248384586334228, 0.5960629460334778, 0.5931339049339295, 0.5643596349716187, 0.5648057486534118, 0.6832859992980957, 0.577785523891449, 0.5891627011775971, 0.5900828496932984, 0.5660658605575561, 0.572179220199585, 0.6380579263210296, 0.6131874906539917, 0.6439013929367066, 0.5824099243164063, 0.5975019679546356, 0.5933140921592712, 0.6051595845222473, 0.6080780543327332, 0.6728352703094482, 0.6777622942924499, 0.5827006251811981, 0.5945516511440277, 0.6229864336490631, 0.601449269771576, 0.6087382179260253, 0.6131339127540588, 0.6976530738830566, 0.623321624135971, 0.6339259468078613, 0.6540187795639039, 0.6405881021499634, 0.7811099040985108, 0.6380557996273041, 0.6356936775445938, 0.6333043743610383, 0.6424479011297226, 0.6342100482463837, 0.6347152429580688, 0.6732210715293885, 0.6544746449708939, 0.6454674784660339, 0.6460678882837295, 0.6624123668670654, 0.6526347392082215, 0.6493130294799805, 0.6866244765758515, 0.6357231652259827, 0.6338749887943268, 0.654280155467987, 0.6477858501434326, 0.6456585985660553, 0.713111512851715, 0.6679667259693146, 0.6540927381515503, 0.6262043128967285, 0.653832889842987, 0.647937729549408, 0.6537650059700012, 0.668669028377533, 0.6504595306396485, 0.6472323469161987, 0.6944112813949584, 0.6835584047317504, 0.6460672556400299, 0.7215769471168518, 0.6843788945674896, 0.6257145143508911, 0.6621668808937072, 0.6776145390033722, 0.7026070156097413, 0.6805990440368652, 0.7082763154029846, 0.6894329467773438, 0.6731805487632752, 0.7360543766975403, 0.7035112823009491, 0.6947546661376953, 0.6678008452892303, 0.6509862397193908, 0.6862862539291382, 0.6616533873558045, 0.6993699127197266, 0.6544563901901245, 0.7028089628696441, 0.6737952159881592], "val_acc": [0.5435, 0.6639, 0.6483, 0.664, 0.7172, 0.7564, 0.7604, 0.7451, 0.7781, 0.7906, 0.8008, 0.7908, 0.8086, 0.7735, 0.801, 0.8053, 0.8102, 0.8157, 0.8227, 0.7927, 0.8141, 0.8154, 0.819, 0.8246, 0.8237, 0.819, 0.8153, 0.8056, 0.8226, 0.8239, 0.8287, 0.8299, 0.8258, 0.8127, 0.8098, 0.8336, 0.8293, 0.8235, 0.8277, 0.8295, 0.8272, 0.8199, 0.8297, 0.8336, 0.8239, 0.8273, 0.7933, 0.8288, 0.8269, 0.8305, 0.83, 0.8376, 0.8311, 0.8285, 0.8311, 0.832, 0.8316, 0.8321, 0.8307, 0.8335, 0.8286, 0.8378, 0.8326, 0.8373, 0.8375, 0.8339, 0.8238, 0.8354, 0.8375, 0.8348, 0.836, 0.8334, 0.8323, 0.8389, 0.8405, 0.8397, 0.8347, 0.8378, 0.8397, 0.8252, 0.8347, 0.8426, 0.8396, 0.8369, 0.8286, 0.833, 0.8336, 0.832, 0.8375, 0.8301, 0.8358, 0.8386, 0.8394, 0.8411, 0.8364, 0.8382, 0.8292, 0.8404, 0.8362, 0.8404], "loss": [1.6784898671722412, 1.151488790664673, 0.9684965374946595, 0.8522013349819183, 0.7801200836372375, 0.7219948592376709, 0.6752932243347168, 0.6288449042510986, 0.5933546478271484, 0.5582796164512634, 0.5198173618125915, 0.48627413053512575, 0.46246503393173216, 0.4416837420654297, 0.4162363131713867, 0.39448696595191957, 0.3787246393680572, 0.3591671272468567, 0.34571997460365295, 0.3279390531921387, 0.31051048694610595, 0.3098355375957489, 0.29243922357559204, 0.2803001196193695, 0.26339008121490476, 0.2575776576423645, 0.24539209810256957, 0.24172695631980895, 0.23685689562797546, 0.23278401689052583, 0.21941443881511688, 0.21093354827880859, 0.2076070211648941, 0.19704858593940736, 0.19334774147987366, 0.18713708411455154, 0.1825934253168106, 0.18423117139816284, 0.1747329813146591, 0.17223319477081298, 0.16930723333358766, 0.16207293295383454, 0.16179604674339296, 0.15146162385344505, 0.15098209109544755, 0.1526285732316971, 0.14253852792739868, 0.1549317365002632, 0.14901880081892013, 0.15096591614842414, 0.13957403732299806, 0.13226029510498047, 0.1333383448421955, 0.1268584733569622, 0.12909948857307435, 0.12467398982286454, 0.12830925297021867, 0.12516348206281663, 0.11560996189832687, 0.1170268874669075, 0.12043261487722397, 0.11462441102147103, 0.10983656444787979, 0.11457118120551109, 0.10980919548511506, 0.10529532294511795, 0.1109276538157463, 0.1065360279405117, 0.10239118735313416, 0.10006614328145981, 0.10321613525032997, 0.1031336138495803, 0.09772832052230834, 0.09847415705919266, 0.10045858736157418, 0.10066152759253978, 0.09474273140072823, 0.09479644565105438, 0.09526950461387634, 0.09154920252799988, 0.09264127023875714, 0.09164961969852448, 0.09055031210720539, 0.09229005095720291, 0.08745465207636356, 0.08662324146449565, 0.08786782000958919, 0.08773391580283642, 0.08786303959459066, 0.08243593235373498, 0.09062252044737339, 0.08509114303410054, 0.08288692779570818, 0.08138045238435268, 0.08036281517088413, 0.08360583627462387, 0.08179404280543327, 0.07794995532244443, 0.07838369036704301, 0.0760310465168953], "acc": [0.445, 0.60472, 0.66556, 0.70494, 0.73064, 0.74668, 0.76266, 0.77974, 0.7939, 0.8034, 0.81816, 0.82804, 0.83692, 0.84442, 0.85002, 0.86084, 0.86474, 0.87258, 0.8772, 0.8821, 0.88786, 0.88908, 0.89378, 0.89852, 0.90662, 0.90888, 0.91144, 0.91298, 0.91654, 0.91598, 0.92162, 0.9245, 0.92632, 0.9302, 0.92986, 0.93366, 0.93484, 0.93348, 0.93812, 0.93916, 0.9397, 0.94228, 0.94292, 0.94666, 0.94618, 0.9471, 0.9494, 0.94546, 0.94712, 0.9464, 0.95102, 0.95296, 0.95352, 0.95508, 0.95452, 0.95572, 0.95414, 0.9563, 0.95884, 0.95716, 0.95772, 0.9592, 0.9617, 0.96036, 0.96114, 0.96264, 0.96072, 0.96184, 0.96414, 0.96428, 0.9637, 0.96386, 0.9653, 0.965, 0.96482, 0.96484, 0.9666, 0.96606, 0.96644, 0.9666, 0.96784, 0.96764, 0.96758, 0.9672, 0.9699, 0.96976, 0.96892, 0.96878, 0.96924, 0.97166, 0.96806, 0.97038, 0.9716, 0.97212, 0.97174, 0.97038, 0.97168, 0.97284, 0.9727, 0.9737]}